{"stats":{"minecraft:crafted":{"minecraft:oak_planks":4},"minecraft:picked_up":{"minecraft:oak_log":1,"minecraft:oak_sapling":1},"minecraft:used":{"minecraft:oak_planks":3},"minecraft:mined":{"minecraft:oak_log":1,"minecraft:oak_leaves":2,"minecraft:sand":9},"minecraft:custom":{"minecraft:jump":70,"minecraft:time_since_rest":2793,"minecraft:damage_dealt":106,"minecraft:damage_taken":64,"minecraft:crouch_one_cm":1079,"minecraft:leave_game":2,"minecraft:play_time":2793,"minecraft:sprint_one_cm":9738,"minecraft:time_since_death":2793,"minecraft:walk_on_water_one_cm":1282,"minecraft:walk_one_cm":5537,"minecraft:sneak_time":501,"minecraft:total_world_time":2793,"minecraft:walk_under_water_one_cm":172,"minecraft:fall_one_cm":1788,"minecraft:fly_one_cm":13611}},"DataVersion":3837}