{"stats":{"minecraft:picked_up":{"minecraft:seagrass":1,"minecraft:wheat_seeds":3,"minecraft:sand":9,"minecraft:birch_log":2},"minecraft:killed":{"minecraft:turtle":1},"minecraft:mined":{"minecraft:birch_log":2,"minecraft:short_grass":5,"minecraft:tall_grass":2},"minecraft:custom":{"minecraft:jump":114,"minecraft:time_since_rest":6716,"minecraft:damage_dealt":360,"minecraft:crouch_one_cm":45,"minecraft:damage_taken":106,"minecraft:sprint_one_cm":12759,"minecraft:play_time":6716,"minecraft:walk_on_water_one_cm":611,"minecraft:time_since_death":6716,"minecraft:walk_one_cm":8411,"minecraft:sneak_time":5,"minecraft:total_world_time":6716,"minecraft:mob_kills":1,"minecraft:leave_game":1,"minecraft:fall_one_cm":3100,"minecraft:fly_one_cm":32174}},"DataVersion":3837}